level,group,year,path,url,original_url,status,bytes,sha256,error
MS,CE,1381,MS/CE/1381/Mohandesi81(konkurcomputer.ir).pdf,https://storage.konkurcomputer.ir//dl/booklet/arshad/computer/Mohandesi81(konkurcomputer.ir).pdf,,ok,7291096,037f6353f916f410253faaf6582f676523e729ef12d319c484e76caf3e417ea5,
MS,CE,1382,MS/CE/1382/Mohandesi82(konkurcomputer.ir).pdf,https://storage.konkurcomputer.ir//dl/booklet/arshad/computer/Mohandesi82(konkurcomputer.ir).pdf,,ok,8177019,4c1ac0c40314a9b24aa6ffda849a9fe2ce1f6fd1e1dcb8041c07d3afbc0c1cf7,
MS,CE,1383,MS/CE/1383/Mohandesi83(konkurcomputer.ir).pdf,https://storage.konkurcomputer.ir//dl/booklet/arshad/computer/Mohandesi83(konkurcomputer.ir).pdf,,ok,7247077,d32470326870103d79d5904e1f0a48052ed44e7471b8ec8c03650f20f553b170,
MS,CE,1384,MS/CE/1384/Mohandesi84(konkurcomputer.ir)new.pdf,https://storage.konkurcomputer.ir//dl/booklet/arshad/computer/Mohandesi84(konkurcomputer.ir)new.pdf,,ok,8766582,49966b6b22178af676103a5e41859fc9542e8d3a33030e87c509390fe5f3a0ad,
MS,CE,1385,MS/CE/1385/Mohandesi85(konkurcomputer.ir)new.pdf,https://storage.konkurcomputer.ir//dl/booklet/arshad/computer/Mohandesi85(konkurcomputer.ir)new.pdf,,ok,10685675,4d2ff0514d9a47fa8c1fa38e742215e3085233a2c963a6a3c34951ff08a45d82,
MS,CE,1386,MS/CE/1386/Mohandesi86(konkurcomputer.ir)new.pdf,https://storage.konkurcomputer.ir//dl/booklet/arshad/computer/Mohandesi86(konkurcomputer.ir)new.pdf,,ok,11060304,efbfa36dd03d0053e2f94363c96a339d712b67073e76839059559cebb0f74431,
MS,CE,1387,MS/CE/1387/Mohandesi87(konkurcomputer.ir)new.pdf,https://storage.konkurcomputer.ir//dl/booklet/arshad/computer/Mohandesi87(konkurcomputer.ir)new.pdf,,ok,8216407,e69befc6912a55b49fef0aa4cb7401abd3853556383f892632a72bf927c3238e,
MS,CE,1388,MS/CE/1388/Mohandesi88(konkurcomputer.ir)new.pdf,https://storage.konkurcomputer.ir//dl/booklet/arshad/computer/Mohandesi88(konkurcomputer.ir)new.pdf,,ok,7059980,8783ab2dbd21a5461eed7f4c166dbfe70b5a50dffd6becf59b0a14deaa77c7d4,
MS,CE,1389,MS/CE/1389/Mohandesi89(konkurcomputer.ir)new.pdf,https://storage.konkurcomputer.ir//dl/booklet/arshad/computer/Mohandesi89(konkurcomputer.ir)new.pdf,,ok,6413667,d3016446e28ef4a6c48632abd34ac37002b5b64c6bd451e4aba0c66d7c37ed25,
MS,CE,1390,MS/CE/1390/Mohandesi90(konkurcomputer.ir).pdf,https://storage.konkurcomputer.ir//dl/booklet/arshad/computer/Mohandesi90(konkurcomputer.ir).pdf,,ok,3015762,cc25b880b5f76f3a86a6a788f8cc0a9b725851df4c06f3d61d0b69354e800bc5,
MS,CE,1391,MS/CE/1391/Mohandesi91(konkurcomputer.ir).pdf,https://storage.konkurcomputer.ir//dl/booklet/arshad/computer/Mohandesi91(konkurcomputer.ir).pdf,,ok,6145416,ec8bc0fe2ebb45fa49da008250124b0ec64065cf42242136499b0db595351912,
MS,CE,1392,MS/CE/1392/Mohandesi92(konkurcomputer.ir)new.pdf,https://storage.konkurcomputer.ir//dl/booklet/arshad/computer/Mohandesi92(konkurcomputer.ir)new.pdf,,ok,7855552,56eec11b71b1ba3687c9d7ad353eb33c64ebbce0d0ec152b3fdebac1dbfc5428,
MS,CE,1393,MS/CE/1393/Mohandesi93(konkurcomputer.ir)new.pdf,https://storage.konkurcomputer.ir//dl/booklet/arshad/computer/Mohandesi93(konkurcomputer.ir)new.pdf,,ok,7106829,10eb0f0f418fdda9aeabbfb403735553fd0b824c9d0ce0ab250364ee39ae85f4,
MS,CE,1394,MS/CE/1394/Mohandesi94(konkurcomputer.ir)new.pdf,https://storage.konkurcomputer.ir//dl/booklet/arshad/computer/Mohandesi94(konkurcomputer.ir)new.pdf,,ok,6271963,3009d1ccc47134181aa133275c61f373a38fbe1ba7c758cdb31778e1e8a368fa,
MS,CE,1395,MS/CE/1395/Mohandesi95(konkurcomputer.ir)new.pdf,https://storage.konkurcomputer.ir//dl/booklet/arshad/computer/Mohandesi95(konkurcomputer.ir)new.pdf,,ok,7015856,f8aed895222c819ab75af07c633fe60bc50855f38fc08d15b4ce1c1b31235a56,
MS,CE,1396,MS/CE/1396/Mohandesi96(konkurcomputer.ir)new.pdf,https://storage.konkurcomputer.ir//dl/booklet/arshad/computer/Mohandesi96(konkurcomputer.ir)new.pdf,,ok,5392098,d9c370baeb2d50d4e0c10659e1adbaf964aa0dd0f6205e501daec1360ebec1d4,
MS,CE,1397,MS/CE/1397/Mohandesi97(konkurcomputer.ir)new.pdf,https://storage.konkurcomputer.ir//dl/booklet/arshad/computer/Mohandesi97(konkurcomputer.ir)new.pdf,,ok,4467585,8d545209d26f147b21dab05a37f4874e8654a4f4644051793c33f262fef4c74b,
MS,CE,1398,MS/CE/1398/daftarche soalat konkur arshad computer 98 (konkurcomputer.ir).pdf,https://storage.konkurcomputer.ir//dl/booklet/arshad/computer/daftarche%20soalat%20konkur%20arshad%20computer%2098%20(konkurcomputer.ir).pdf,,ok,5649358,bf04a2318cceb9bbda8ae06eb3b9bbe2117df4a7464873e6b9801e83280087c3,
MS,CE,1399,MS/CE/1399/daftarche soalat konkur arshad computer 99 (konkurcomputer.ir).pdf,https://storage.konkurcomputer.ir//dl/booklet/arshad/computer/daftarche%20soalat%20konkur%20arshad%20computer%2099%20(konkurcomputer.ir).pdf,,ok,10223973,ff665972f4dc346c83b94368c509429493821e02095adaacbdad6778e383c1a4,
MS,CE,1400,MS/CE/1400/Daftarche-Soalat-Konkur-Arshad-Computer-1400 (konkurcomputer.ir).pdf,https://storage.konkurcomputer.ir//dl/booklet/arshad/computer/Daftarche-Soalat-Konkur-Arshad-Computer-1400%20(konkurcomputer.ir).pdf,,ok,12174171,3b8f815caf97969ba5307fa73927d4edcc859c3e34587bb2dd7a4f8931ad7fed,
MS,CE,1401,MS/CE/1401/Daftarche-Soalat-Konkur-Arshad-Computer-1401 (konkurcomputer.ir).pdf,https://storage.konkurcomputer.ir//dl/booklet/arshad/computer/Daftarche-Soalat-Konkur-Arshad-Computer-1401%20(konkurcomputer.ir).pdf,,ok,9654444,4821439cf8b42c741365966ce07894ddcbe24734d6da1487065a5aa82fe0b1c4,
MS,CE,1402,MS/CE/1402/Daftarche-Soalat-Konkur-Arshad-Computer-1402 (konkurcomputer.ir).pdf,https://storage.konkurcomputer.ir//dl/booklet/arshad/computer/Daftarche-Soalat-Konkur-Arshad-Computer-1402%20(konkurcomputer.ir).pdf,,ok,5469168,16a7ad4fc6a39fb16cd5a1156604457c0b2523ebb4f3e9a2b21c16521529bb4a,
MS,CE,1403,MS/CE/1403/Daftarche-Soalat-Konkur-Arshad-Computer-1403 (konkurcomputer.ir).pdf,https://storage.konkurcomputer.ir//dl/booklet/arshad/computer/Daftarche-Soalat-Konkur-Arshad-Computer-1403%20(konkurcomputer.ir).pdf,,ok,29897179,ad6b3b405c49f239a794243f303209ef45e66912a9739b938ab9fe3fe645cb66,
MS,CE,1404,MS/CE/1404/Daftarche-Soalat-Konkur-Arshad-Computer-1404 (konkurcomputer.ir).pdf,https://storage.konkurcomputer.ir//dl/booklet/arshad/computer/Daftarche-Soalat-Konkur-Arshad-Computer-1404%20(konkurcomputer.ir).pdf,,ok,29594125,909e4efaaad96f4d39e526104bc9dc6de6d52be11fd7716e583476b0e62ff654,
MS,CE,1405,MS/CE/1405/Q135A-Arshad1405-[www.konkur.in].pdf,https://dl.konkur.in/Arshad/1405/Q135A-Arshad1405-[www.konkur.in].pdf,,ok,648798,e59f06c321cc0b1630f90b6dda4e2b9f61cf163c63c71c83b5deb4082495b42b,
MS,CS,1392,MS/CS/1392/olum_92_konkurcomputer.pdf,https://storage.konkurcomputer.ir//dl/booklet/arshad/olum/olum_92_konkurcomputer.pdf,,ok,9095041,a4b87627a3d96764349b0f3dbfe72d14f299f6ff35209fbc439891621186ab59,
MS,CS,1393,MS/CS/1393/olum_93_konkurcomputer.pdf,https://storage.konkurcomputer.ir//dl/booklet/arshad/olum/olum_93_konkurcomputer.pdf,,ok,13755668,7ed89fae8eb601a964355fde5e5d297cbb30844e5240b9e3908b798fb86e349d,
MS,CS,1394,MS/CS/1394/olum_94_konkurcomputer.pdf,https://storage.konkurcomputer.ir//dl/booklet/arshad/olum/olum_94_konkurcomputer.pdf,,ok,11394936,7e33ce24b2ada94653502d291a5c991b311cf7f0563e1bbadf54240fd2b9895d,
MS,CS,1395,MS/CS/1395/olum_95_konkurcomputer.pdf,https://storage.konkurcomputer.ir//dl/booklet/arshad/olum/olum_95_konkurcomputer.pdf,,ok,13996980,80155545274b25cd7aabfaf103afaa600ae7750d387205c1ff0d0f982bf75d63,
MS,CS,1396,MS/CS/1396/olum_96_konkurcomputer.pdf,https://storage.konkurcomputer.ir//dl/booklet/arshad/olum/olum_96_konkurcomputer.pdf,,ok,7096600,828355ee1fe54864b313464a176bd73bc3843fa1a95ad28b9c15874a167de43f,
MS,CS,1397,MS/CS/1397/olum_97_konkurcomputer.pdf,https://storage.konkurcomputer.ir//dl/booklet/arshad/olum/olum_97_konkurcomputer.pdf,,ok,3326833,2322a557bdd857a477ffb17fdaaec1e1b7097f6a60a11ac494552686f458bdac,
MS,CS,1398,MS/CS/1398/konkur arshad olum computer 98 (konkurcomputer.ir).pdf,https://storage.konkurcomputer.ir//dl/booklet/arshad/olum/konkur%20arshad%20olum%20computer%2098%20(konkurcomputer.ir).pdf,,ok,3420036,efe46bb2ae13b1e35625a7bf30c8711accf3d273ebf115d7200b67ab102a2172,
MS,CS,1399,MS/CS/1399/daftarche-soalat-konkur-arshad-olum-computer-99.pdf,https://storage.konkurcomputer.ir//dl/booklet/arshad/olum/daftarche-soalat-konkur-arshad-olum-computer-99.pdf,,ok,8253449,0e888268600e57dd4341fddc39af8d117967c2da50b1b579fe6a9d48cf990735,
MS,CS,1400,MS/CS/1400/Daftarche-Soalat-Konkur-Arshad-Olum-Computer-1400.pdf,https://storage.konkurcomputer.ir//dl/booklet/arshad/olum/Daftarche-Soalat-Konkur-Arshad-Olum-Computer-1400.pdf,,ok,7547826,06054a7b1c4064661c22382400d41be32766fe0aacc0b2802dadba48aee2d16d,
MS,CS,1401,MS/CS/1401/Daftarche-Soalat-Konkur-Arshad-Olum-Computer-1401-(konkurcomputer.ir).pdf,https://storage.konkurcomputer.ir//dl/booklet/arshad/olum/Daftarche-Soalat-Konkur-Arshad-Olum-Computer-1401-(konkurcomputer.ir).pdf,,ok,9274648,c406bf738e47cd6d512355f6d1b199c7dccea7d3887d24d7e00f1b96a4f81b8a,
MS,CS,1402,MS/CS/1402/Daftarche-Soalat-Konkur-Arshad-Olum-Computer-1402-(konkurcomputer.ir).pdf,https://storage.konkurcomputer.ir//dl/booklet/arshad/olum/Daftarche-Soalat-Konkur-Arshad-Olum-Computer-1402-(konkurcomputer.ir).pdf,,ok,14418868,8a60f0e9129c65722b3336ae5041b6c8c7147ec5e356608049d11d34063cedf2,
MS,CS,1403,MS/CS/1403/Daftarche-Soalat-Konkur-Arshad-Olum-Computer-1403-(konkurcomputer.ir).pdf,https://storage.konkurcomputer.ir//dl/booklet/arshad/olum/Daftarche-Soalat-Konkur-Arshad-Olum-Computer-1403-(konkurcomputer.ir).pdf,,ok,23928380,449c9adf2600e4246a7b15fde3a5e17de38f9e7e599c0c9e032c49c3dc2c3a2d,
MS,CS,1404,MS/CS/1404/Daftarche-Soalat-Konkur-Arshad-Olum-Computer-1404-(konkurcomputer.ir).pdf,https://storage.konkurcomputer.ir//dl/booklet/arshad/olum/Daftarche-Soalat-Konkur-Arshad-Olum-Computer-1404-(konkurcomputer.ir).pdf,,ok,28683251,53719e256f35b9acb43bfa87062a7c0fb20f1e4b3f9e0fa9c688e74e4a0ec26f,
MS,CS,1405,MS/CS/1405/Q257A-Arshad1405-[www.konkur.in].pdf,https://dl.konkur.in/Arshad/1405/Q257A-Arshad1405-[www.konkur.in].pdf,,ok,539127,198f75f9f9d195adc5c09ab14d17029e63a3cd11030d62cffcdfcb5df7627527,
MS,IT,1383,MS/IT/1383/IT83(konkurcomputer.ir).pdf,https://storage.konkurcomputer.ir//dl/booklet/arshad/it/IT83(konkurcomputer.ir).pdf,,ok,4429320,798ec690e7777f5e0ca876383c741c635c8675e958bcc700a319978aac2de558,
MS,IT,1384,MS/IT/1384/IT84(konkurcomputer.ir).pdf,https://storage.konkurcomputer.ir//dl/booklet/arshad/it/IT84(konkurcomputer.ir).pdf,,ok,6178715,8d073c684d9198a10e0118d514a68e52b68da2cbd6f858553fc81ce939419e05,
MS,IT,1385,MS/IT/1385/IT85(konkurcomputer.ir).pdf,https://storage.konkurcomputer.ir//dl/booklet/arshad/it/IT85(konkurcomputer.ir).pdf,,ok,5422972,ea2611471d743ea1598684d9f5dcef4aef99c021c4c0e0feef89cd9e7adef4c4,
MS,IT,1386,MS/IT/1386/IT86(konkurcomputer.ir).pdf,https://storage.konkurcomputer.ir//dl/booklet/arshad/it/IT86(konkurcomputer.ir).pdf,,ok,5101703,db1300d563a872b9062c6783bb580c52bab81d5834f1cc5ab4c2a7330276e03e,
MS,IT,1387,MS/IT/1387/IT87(konkurcomputer.ir)new.pdf,https://storage.konkurcomputer.ir//dl/booklet/arshad/it/IT87(konkurcomputer.ir)new.pdf,,ok,4953055,488b8aff44a5410377ae44b573f5ae1a22b8b4851ec56189a15d808e97900919,
MS,IT,1388,MS/IT/1388/IT88(konkurcomputer.ir)new.pdf,https://storage.konkurcomputer.ir//dl/booklet/arshad/it/IT88(konkurcomputer.ir)new.pdf,,ok,5143786,caaa4b4e51c570203954c39b6e57f1eb464b5bf203d3d918bb026d2629e1d0ae,
MS,IT,1389,MS/IT/1389/IT89(konkurcomputer.ir)new.pdf,https://storage.konkurcomputer.ir//dl/booklet/arshad/it/IT89(konkurcomputer.ir)new.pdf,,ok,5660507,e28741ef9f1ebebc1f68f08524b8034d0120b2efe5790a5dcd27e5c33b8cf051,
MS,IT,1390,MS/IT/1390/IT90(konkurcomputer.ir).pdf,https://storage.konkurcomputer.ir//dl/booklet/arshad/it/IT90(konkurcomputer.ir).pdf,,ok,4062073,371005bd57e4d5aaaea1b007dbe3b39eb957c3b6b2a9f6f7051334600db37ada,
MS,IT,1391,MS/IT/1391/IT91(konkurcomputer.ir)new.pdf,https://storage.konkurcomputer.ir//dl/booklet/arshad/it/IT91(konkurcomputer.ir)new.pdf,,ok,5461732,fa6150b33692a6ebb9d4b5ec457015262ccbaedc51ef9c90d7b2f04163ee6208,
MS,IT,1392,MS/IT/1392/IT92(konkurcomputer.ir)new.pdf,https://storage.konkurcomputer.ir//dl/booklet/arshad/it/IT92(konkurcomputer.ir)new.pdf,,ok,4746053,c52b5086754d729cae0c223ef86801b7acf2419c8ef8e49a11f2cda39d2ebdb0,
MS,IT,1393,MS/IT/1393/IT93(konkurcomputer.ir)new.pdf,https://storage.konkurcomputer.ir//dl/booklet/arshad/it/IT93(konkurcomputer.ir)new.pdf,,ok,3789410,5ec10a23c32c2f2b277585360101132537a4f14cbba6ee51f1f5e72b48aae05f,
MS,IT,1394,MS/IT/1394/IT94(konkurcomputer.ir)new.pdf,https://storage.konkurcomputer.ir//dl/booklet/arshad/it/IT94(konkurcomputer.ir)new.pdf,,ok,5376374,44870df171ad5fe121bc5d25b54f7bc93b962b78c3d587b1f25468917db45d2d,
MS,IT,1395,MS/IT/1395/IT95(konkurcomputer.ir)new.pdf,https://storage.konkurcomputer.ir//dl/booklet/arshad/it/IT95(konkurcomputer.ir)new.pdf,,ok,5701762,c737d706185360cca83f9406f6fd6f3b7b0255c4acdacf62ce3d588ef9d7655c,
MS,IT,1396,MS/IT/1396/IT96(konkurcomputer.ir)new.pdf,https://storage.konkurcomputer.ir//dl/booklet/arshad/it/IT96(konkurcomputer.ir)new.pdf,,ok,4402557,d246caa9907cd260eb8d8e2fd8e2a74d7b4684ede560112ef56eb027f638a1cc,
MS,IT,1397,MS/IT/1397/IT97(konkurcomputer.ir)new.pdf,https://storage.konkurcomputer.ir//dl/booklet/arshad/it/IT97(konkurcomputer.ir)new.pdf,,ok,3378682,83b716eb5f6dfdccdb54a9ea365a2b9b18b0fad158986354550220c325321783,
MS,IT,1398,MS/IT/1398/daftarche soalat konkur arshad IT 98.pdf,https://storage.konkurcomputer.ir//dl/booklet/arshad/it/daftarche%20soalat%20konkur%20arshad%20IT%2098.pdf,,ok,2267023,03eeeaa2dd62fc26315f1086ebf263cad5265f7260d6f7fdc1fc0b17920c4210,
MS,IT,1399,MS/IT/1399/daftarche-soalat-konkur-arshad-IT-99.pdf,https://storage.konkurcomputer.ir//dl/booklet/arshad/it/daftarche-soalat-konkur-arshad-IT-99.pdf,,ok,7815427,5076ad19258d713e70fc72201712e5dda95c199b6044a83a0659c714eab3612c,
MS,IT,1400,MS/IT/1400/Daftarche-Soalat-Konkur-Arshad-IT-1400.pdf,https://storage.konkurcomputer.ir//dl/booklet/arshad/it/Daftarche-Soalat-Konkur-Arshad-IT-1400.pdf,,ok,6546533,408a69749b55659e60a1c35275c3f7d10d680442e468222476d3e92c10ffb48e,
MS,IT,1401,MS/IT/1401/Daftarche-Soalat-Konkur-Arshad-IT-1401-(konkurcomputer.ir).pdf,https://storage.konkurcomputer.ir//dl/booklet/arshad/it/Daftarche-Soalat-Konkur-Arshad-IT-1401-(konkurcomputer.ir).pdf,,ok,9565107,4b4be3261a9c12bd3d168230374d0d0b720e50b05ef0cebf5147b1667e9a905b,
MS,IT,1402,MS/IT/1402/Daftarche-Soalat-Konkur-Arshad-IT-1402-(konkurcomputer.ir).pdf,https://storage.konkurcomputer.ir//dl/booklet/arshad/it/Daftarche-Soalat-Konkur-Arshad-IT-1402-(konkurcomputer.ir).pdf,,ok,15669832,eac44d43b1e0c48f03276f3b9e60a1d802732932d2806e422e96914e578ee98e,
MS,IT,1403,MS/IT/1403/Daftarche-Soalat-Konkur-Arshad-IT-1403-(konkurcomputer.ir).pdf,https://storage.konkurcomputer.ir//dl/booklet/arshad/it/Daftarche-Soalat-Konkur-Arshad-IT-1403-(konkurcomputer.ir).pdf,,ok,21377880,353280cff3a345a2589663e634de05a6edeca362fa6a76dc0a5e780bd6b065df,
MS,IT,1404,MS/IT/1404/Daftarche-Soalat-Konkur-Arshad-IT-1404-(konkurcomputer.ir).pdf,https://storage.konkurcomputer.ir//dl/booklet/arshad/it/Daftarche-Soalat-Konkur-Arshad-IT-1404-(konkurcomputer.ir).pdf,,ok,23831742,93b760d6008a63d020cd8af914d35538e45eb242bea497e4d0fd1adb2b6616fd,
MS,IT,1405,MS/IT/1405/Q254A-Arshad1405-[www.konkur.in].pdf,https://dl.konkur.in/Arshad/1405/Q254A-Arshad1405-[www.konkur.in].pdf,,ok,422445,c55c4b5ffdcad7301970b1e4509bdec4f8be69e59a042038300beb60c23d56b6,
PHD,CE,1391,PHD/CE/1391/2354-PHD91-[www.konkur.in].pdf,https://dl.konkur.in/PHD/91/2354-PHD91-[www.konkur.in].rar,,ok,1107011,c428d148e3d316a343efbb5af64a13bc5440765f47831c44e211a1201b1ec0ed,
PHD,CE,1391,PHD/CE/1391/2355-PHD91-[www.konkur.in].pdf,https://dl.konkur.in/PHD/91/2355-PHD91-[www.konkur.in].rar,,ok,1329336,2b7bdaf1c1d5159f9755c47485686726f27be0f9f6877be54e065f7d43304a7c,
PHD,CE,1391,PHD/CE/1391/2356-PHD91-[www.konkur.in].pdf,https://dl.konkur.in/PHD/91/2356-PHD91-[www.konkur.in].rar,,ok,1101103,d1a8355605971fda5da07626af9a98d7fa1495c6b326a4564cb928161b47f207,
PHD,CE,1391,PHD/CE/1391/2357-PHD91-[www.konkur.in].pdf,https://dl.konkur.in/PHD/91/2357-PHD91-[www.konkur.in].rar,,ok,1124074,069c59da45d1f30901aaad57a6d3f47a1e6126181fe9432812d313e7ee9d1502,
PHD,CE,1391,PHD/CE/1391/2358-PHD91-[www.konkur.in].pdf,https://dl.konkur.in/PHD/91/2358-PHD91-[www.konkur.in].rar,,ok,1095243,fbb9b66bcd269e6a82c6daa3891ffe2379e22ded6d5cbcfaee749066710a9ffe,
PHD,CE,1392,PHD/CE/1392/2354-PHD92-[www.konkur.in].pdf,https://dl.konkur.in/PHD/92PHD/2354-PHD92-[www.konkur.in].rar,,ok,894244,2cde20bbacc4c8a53003bb49e1856ae7ce951453d1849d830eef77ffce7671e1,
PHD,CE,1392,PHD/CE/1392/2355-PHD92-[www.konkur.in].pdf,https://dl.konkur.in/PHD/92PHD/2355-PHD92-[www.konkur.in].rar,,ok,1444119,50cc6b23d6ed511efeb960a71308e2bd42e451d0457b9266af2b6a6f19fc9930,
PHD,CE,1392,PHD/CE/1392/2356-PHD92-[www.konkur.in].pdf,https://dl.konkur.in/PHD/92PHD/2356-PHD92-[www.konkur.in].rar,,ok,1108197,0842cd3b66681c0adbf30d6dae9f7d1d4b3f6ad18739aef321faea90e2fbd57f,
PHD,CE,1392,PHD/CE/1392/2357-PHD92-[www.konkur.in].pdf,https://dl.konkur.in/PHD/92PHD/2357-PHD92-[www.konkur.in].rar,,ok,931374,d0d2a762c6ec6700d135941afafcbc4d01c2c56bee7be9dd5f18c2daa7c64113,
PHD,CE,1392,PHD/CE/1392/2358-PHD92-[www.konkur.in].pdf,https://dl.konkur.in/PHD/92PHD/2358-PHD92-[www.konkur.in].rar,,ok,1324572,30457567ccb0f83b45aac5c2531b0e4519f91b5520b27a0a9eb861707a1e1640,
PHD,CE,1393,PHD/CE/1393/2354-PHD93-[www.konkur.in].pdf,https://dl.konkur.in/PHD/93/2354-PHD93-%5Bwww.konkur.in%5D.rar,,ok,881404,f0200dce9093636641f9f1db3a0151c5f63d66e1372787e499b5b765c610b34d,
PHD,CE,1393,PHD/CE/1393/2355-PHD93-[www.konkur.in].pdf,https://dl.konkur.in/PHD/93/2355-PHD93-%5Bwww.konkur.in%5D.rar,,ok,952134,1982af55be560404fa750345dec043d349fe36cc49ce5ad495f20f5a4092a6a7,
PHD,CE,1393,PHD/CE/1393/2356-PHD93-[www.konkur.in].pdf,https://dl.konkur.in/PHD/93/2356-PHD93-%5Bwww.konkur.in%5D.rar,,ok,882371,b181bae4cc16e43a950aa40ee009b641454fd4147467c4fdbb53ca6adacdd8c9,
PHD,CE,1394,PHD/CE/1394/291-d-PHD94-[www.konkur.in].pdf,https://dl.konkur.in/PHD/94/291-d-PHD94-%5Bwww.konkur.in%5D.rar,,ok,1917305,d4cb56e7fb790a1cb53013592fa0d39fab085bc661a16eeca097fae0dac7b5cc,
PHD,CE,1394,PHD/CE/1394/292-F-PHD94-[www.konkur.in].pdf,https://dl.konkur.in/PHD/94/292-F-PHD94-%5Bwww.konkur.in%5D.rar,,ok,2384198,b89d276c1dec1215d6f6a5b1f82dc6fa5b75ca769bcf9ad37f431e9c1e32633f,
PHD,CE,1394,PHD/CE/1394/293-F-PHD94-[www.konkur.in].pdf,https://dl.konkur.in/PHD/94/293-F-PHD94-%5Bwww.konkur.in%5D.rar,,ok,1791994,c1d9417953912a4ad8be39e3390e57f86450e929c04f7336758bf6529d050022,
PHD,CE,1395,PHD/CE/1395/144-b-PHD95-[www.konkur.in].pdf,https://dl.konkur.in/PHD/95/144-b-PHD95-[www.konkur.in].rar,,ok,1518912,cda68ae8fa2a3c08137a3da202c433b3089bbb87fb53023a1aeb42df0dddfc1c,
PHD,CE,1396,PHD/CE/1396/328-D-PHD96-[www.konkur.in].pdf,https://dl.konkur.in/PHD/96/328-D-PHD96-%5bwww.konkur.in%5d.rar,,ok,1350397,2d2dd662b10154ed944a3f9259cf85987b1536180249db18ef8d9fe6eb98cac1,
PHD,CE,1396,PHD/CE/1396/329-F-PHD96-[www.konkur.in].pdf,https://dl.konkur.in/PHD/96/329-F-PHD96-%5bwww.konkur.in%5d.rar,,ok,1347300,65cdc3c9ec9a8577a393a94f0d5183b857e01e515bdb920cdb9fae60cfa7f90f,
PHD,CE,1396,PHD/CE/1396/330-F-PHD96-[www.konkur.in].pdf,https://dl.konkur.in/PHD/96/330-F-PHD96-%5bwww.konkur.in%5d.rar,,ok,1332317,8b034d2e39401a1812452d3f798b1dcd0de24857c5e6da16690e4c9550011969,
PHD,CE,1396,PHD/CE/1396/331-F-PHD96-[www.konkur.in].pdf,https://dl.konkur.in/PHD/96/331-F-PHD96-%5bwww.konkur.in%5d.rar,,ok,1742345,04d8eff6f132bd26b2455470d9a0402eb23696da5695e72444eb9e6db155d759,
PHD,CE,1397,PHD/CE/1397/330-E-PHD97-[www.konkur.in].pdf,https://dl.konkur.in/PHD/97/330-E-PHD97-%5bwww.konkur.in%5d.pdf,,ok,1388763,f77555dc905301c62bba6145f727ffc6e2afa629c98da3d75589e000cba30681,
PHD,CE,1397,PHD/CE/1397/331-E-PHD97-[www.konkur.in].pdf,https://dl.konkur.in/PHD/97/331-E-PHD97-%5bwww.konkur.in%5d.pdf,,ok,1415677,2d02fe4eaf9e9f6bbcf9b87b20b8819b21e2dd8d8676c8f76bddf7a3b4ed41b5,
PHD,CE,1397,PHD/CE/1397/332-E-PHD97-[www.konkur.in].pdf,https://dl.konkur.in/PHD/97/332-E-PHD97-%5bwww.konkur.in%5d.pdf,,ok,1369488,ea93d2d5db21cf8c2487551efb2cc75d65d309fdb4ead97605e12354aa09b40e,
PHD,CE,1397,PHD/CE/1397/333-E-PHD97-[www.konkur.in].pdf,https://dl.konkur.in/PHD/97/333-E-PHD97-%5bwww.konkur.in%5d.pdf,,ok,1432796,6f2f897ac3f7d34738b7a8f9bf8e794ccda58b57b2f900041d17a8ac0a28f534,
PHD,CE,1398,PHD/CE/1398/729-PHD98-[konkur.in].pdf,https://dl.konkur.in/PHD/98/729-PHD98-%5bkonkur.in%5d.pdf,,ok,827960,22ad98ab2139d78f146a2944236a2bebbc45309e440946f0ad45c4d8b7499ec9,
PHD,CE,1398,PHD/CE/1398/730-PHD98-[konkur.in].pdf,https://dl.konkur.in/PHD/98/730-PHD98-%5bkonkur.in%5d.pdf,,ok,1086161,be9052ebc1dee7825ebc7ef6cb6e44974b0c4596b75ce8e752ba890cbe8ad858,
PHD,CE,1398,PHD/CE/1398/731-PHD98-[konkur.in].pdf,https://dl.konkur.in/PHD/98/731-PHD98-%5bkonkur.in%5d.pdf,,ok,961574,6a570d7d2e73e0297e4b279a7494e286a3f34f7820edbc1252623eb87ca5a796,
PHD,CE,1398,PHD/CE/1398/732-PHD98-[konkur.in].pdf,https://dl.konkur.in/PHD/98/732-PHD98-%5bkonkur.in%5d.pdf,,ok,915798,14a73f9f2f29ebdc6b6fa87c86d5a8a86c1e9d3fe5004ac9551824a6ffa098be,
PHD,CE,1399,PHD/CE/1399/328-PHD99-[konkur.in].pdf,https://dl.konkur.in/PHD/99/328-PHD99-%5bkonkur.in%5d.pdf,,ok,1732931,56ecc229cbfad22161d7c96e6d963e2ee18b5fe08411399ef3eeac5bc22a84ec,
PHD,CE,1399,PHD/CE/1399/329-PHD99-[konkur.in].pdf,https://dl.konkur.in/PHD/99/329-PHD99-%5bkonkur.in%5d.pdf,,ok,1659600,b04a54ef549122dfc415bec32f7763e6ad9816159709a795009d22a765134cf7,
PHD,CE,1399,PHD/CE/1399/330-PHD99-[konkur.in].pdf,https://dl.konkur.in/PHD/99/330-PHD99-%5bkonkur.in%5d.pdf,,ok,1594056,9aec9c1043a86671cbfec817507db3d224c3412145a83e075d1de393fc1e19df,
PHD,CE,1399,PHD/CE/1399/331-PHD99-[konkur.in].pdf,https://dl.konkur.in/PHD/99/331-PHD99-%5bkonkur.in%5d.pdf,,ok,2017286,0e61286452fcf96baa261a432c635b19af958a110f4b50a1806d12331bc362b5,
PHD,CE,1400,PHD/CE/1400/526-a-PHD1400-[konkur.in].pdf,https://dl.konkur.in/PHD/1400/526-a-PHD1400-%5bkonkur.in%5d.pdf,,ok,2096723,9eb7eb267c6e2d0d47be70cd3c5ef7b1e4a6722704a89bedaf27c3286b39a5d8,
PHD,CE,1400,PHD/CE/1400/527-a-PHD1400-[konkur.in].pdf,https://dl.konkur.in/PHD/1400/527-a-PHD1400-%5bkonkur.in%5d.pdf,,ok,1848581,234bca315351b3e97ed7d815c650bd711de6e738bce443b57bc0962d04e851f8,
PHD,CE,1400,PHD/CE/1400/528-a-PHD1400-[konkur.in].pdf,https://dl.konkur.in/PHD/1400/528-a-PHD1400-%5bkonkur.in%5d.pdf,,ok,1706139,c9ae8ae3b73a3a840be4867734684d2c44660002e5b85dc2cffd53a1fa02df34,
PHD,CE,1400,PHD/CE/1400/529-a-PHD1400-[konkur.in].pdf,https://dl.konkur.in/PHD/1400/529-a-PHD1400-%5bkonkur.in%5d.pdf,,ok,1948886,c9683fe44b6a2a9b055447c01b37722fe41eb5a7d6e80877c2b594256046269f,
PHD,CE,1401,PHD/CE/1401/330-f-PHD1401-[konkur.in].pdf,https://dl.konkur.in/PHD/1401/330-f-PHD1401-[konkur.in].pdf,,ok,2198299,31571a913cd78f36b1a7a88215444c5da744ee6bd6019eaa3e3fc1440a74da95,
PHD,CE,1401,PHD/CE/1401/331-f-PHD1401-[konkur.in].pdf,https://dl.konkur.in/PHD/1401/331-f-PHD1401-[konkur.in].pdf,,ok,2124814,3b0ebc8ff432e80fbe0a1d250a32316a100a90f874ed09f655bb7769f5c931e6,
PHD,CE,1401,PHD/CE/1401/332-f-PHD1401-[konkur.in].pdf,https://dl.konkur.in/PHD/1401/332-f-PHD1401-[konkur.in].pdf,,ok,1981601,b4f44809d1e28f0f1239ab80daf586b77cd77b32bfd98c90e99ebd3b666f4723,
PHD,CE,1401,PHD/CE/1401/333-f-PHD1401-[konkur.in].pdf,https://dl.konkur.in/PHD/1401/333-f-PHD1401-[konkur.in].pdf,,ok,2273746,b0aff1314576987715e81bc9ddadd6be3d5cb50f1803486311fa52e48d7789a5,
PHD,CE,1402,PHD/CE/1402/530-PHD1402-[konkur.in].pdf,https://dl.konkur.in/PHD/1402/530-PHD1402-[konkur.in].pdf,,ok,1707431,84b9f5b8ef42c8d27aa4ac01eb60a6d575cc77b500179891f65aebf1ea88312a,
PHD,CE,1402,PHD/CE/1402/531-PHD1402-[konkur.in].pdf,https://dl.konkur.in/PHD/1402/531-PHD1402-[konkur.in].pdf,,ok,2101917,1ff78d46470820bb4154380850fb555b1b24616f040ca0f61b943cd09f9c7e03,
PHD,CE,1402,PHD/CE/1402/532-PHD1402-[konkur.in].pdf,https://dl.konkur.in/PHD/1402/532-PHD1402-[konkur.in].pdf,,ok,1852773,4f8fb302742de7169722edcbc9bc11653ce3ed6e0e21749895a335da06503e59,
PHD,CE,1402,PHD/CE/1402/533-PHD1402-[konkur.in].pdf,https://dl.konkur.in/PHD/1402/533-PHD1402-[konkur.in].pdf,,ok,1832966,26046e5b384d4bd35e5670898fd1d04bfd538c3bda28e561672e9d55c3d82a33,
PHD,CE,1403,PHD/CE/1403/706c-PHD1403-[konkur.in].pdf,https://dl.konkur.in/PHD/1403/706c-PHD1403-%5bkonkur.in%5d.pdf,,ok,856522,ba27e8efc7af7d1c9c8469d2ad5decf0ae86ad0c2b40cce297a759874e86f181,
PHD,CE,1404,PHD/CE/1404/Q906A-PHD1404-[www.konkur.in].pdf,https://dl.konkur.in/PHD/1404/Q906A-PHD1404-[www.konkur.in].pdf,,ok,3173062,9a4f63260faf8628af4118db39fd68b7775bedf42c9749b93bc5b9302ed8e713,
PHD,CE,1405,PHD/CE/1405/Q707A-phd1405-[www.konkur.in].pdf,https://dl.konkur.in/PHD/1405/Q707A-phd1405-[www.konkur.in].pdf,,ok,1392995,34d7e4f8f1d347be2ede1be4ff027efc2e17680c3aedf633a13857f27955b75a,
PHD,CS,1391,PHD/CS/1391/2247-PHD91-[www.konkur.in].pdf,https://dl.konkur.in/PHD/91/2247-PHD91-[www.konkur.in].rar,,ok,1167316,8c4b6bd2631e701895f1cec4e897287f3b45a767897e536f2d0863aeeb67ab25,
PHD,CS,1392,PHD/CS/1392/2247-PHD92-[www.konkur.in].pdf,https://dl.konkur.in/PHD/92PHD/2247-PHD92-[www.konkur.in].rar,,ok,787301,6eb643a8da29a5577e2c2e02221ac9562ad117050e50edd013a3b0c6f28f3d09,
PHD,CS,1393,PHD/CS/1393/2247-PHD93-[www.konkur.in].pdf,https://dl.konkur.in/PHD/93/2247-PHD93-%5Bwww.konkur.in%5D.rar,,ok,751657,02ee220ea40ccdb4ef45348b7fbc20d49e5c66e9c81d10d509e35ba10b4173cc,
PHD,CS,1394,PHD/CS/1394/327-F-PHD94-[www.konkur.in].pdf,https://dl.konkur.in/PHD/94/327-F-PHD94-%5Bwww.konkur.in%5D.rar,,ok,1567394,844854d499ae5dae488b568719b4fb947456916bbf87d8ceb8dd2d75f1522b07,
PHD,CS,1395,PHD/CS/1395/doctora_olum_computer_1395(konkurcomputer.ir).pdf,https://dl.konkurcomputer.ir/booklet/phd/computer/olum_computer/doctora_olum_computer_1395%28konkurcomputer.ir%29.pdf,https://dl.konkur.in/PHD/95/127-a-PHD95-[www.konkur.in].rar,ok,1423645,4610a539c84ea5febdbb474047b1fd28b37b0bfa566d4e09fabed9cfbe6db5b5,
PHD,CS,1396,PHD/CS/1396/283-F-PHD96-[www.konkur.in].pdf,https://dl.konkur.in/PHD/96/283-F-PHD96-%5bwww.konkur.in%5d.rar,,ok,1122848,9972f89b26beeccde47ded0fdde62cf38a40cfc0d21d2836320c1ffb41f14ce3,
PHD,CS,1397,PHD/CS/1397/285-E-PHD97-[www.konkur.in].pdf,https://dl.konkur.in/PHD/97/285-E-PHD97-%5bwww.konkur.in%5d.pdf,,ok,1012817,494d1435207a0fd4ca76dde2a81b0bd96a38521c75657c3ee2ddecdc69c0a012,
PHD,CS,1398,PHD/CS/1398/684-PHD98-[konkur.in].pdf,https://dl.konkur.in/PHD/98/684-PHD98-%5bkonkur.in%5d.pdf,,ok,732799,b77bdc4ddd4dfc9b4f8cc8ecf43df7a4b446dc8e73dd4c6b05ceb26df8c8c6ef,
PHD,CS,1399,PHD/CS/1399/284-PHD99-[konkur.in].pdf,https://dl.konkur.in/PHD/99/284-PHD99-%5bkonkur.in%5d.pdf,,ok,1226986,a469669a2f373ebb77dbd88b21f9690885fa11ab9afe09592df9abff9a12b0ce,
PHD,CS,1400,PHD/CS/1400/482-a-PHD1400-[konkur.in].pdf,https://dl.konkur.in/PHD/1400/482-a-PHD1400-%5bkonkur.in%5d.pdf,,ok,1186241,7b146de54b352ff0ca8d686180cbdcbbd334f3795d83231141d15644978036bf,
PHD,CS,1401,PHD/CS/1401/286-f-PHD1401-[konkur.in].pdf,https://dl.konkur.in/PHD/1401/286-f-PHD1401-[konkur.in].pdf,,ok,1681878,46a48708450163adaa6b9bbe5d582d2d64d9a342027a1af61e6b37cb9d0e5b18,
PHD,CS,1402,PHD/CS/1402/486-PHD1402-[konkur.in].pdf,https://dl.konkur.in/PHD/1402/486-PHD1402-[konkur.in].pdf,,ok,1323300,0df1ec05a9a787ce9c132af09a2b6816d3b029da9a750ba9801062a3a3e604b8,
PHD,CS,1403,PHD/CS/1403/692c-PHD1403-[konkur.in].pdf,https://dl.konkur.in/PHD/1403/692c-PHD1403-%5bkonkur.in%5d.pdf,,ok,451792,eef10efb3ba9a3f2a67d0059b537f31d048bddd10c9daa10c79642632f9fc3a0,
PHD,CS,1404,PHD/CS/1404/Q892A-PHD1404-[www.konkur.in].pdf,https://dl.konkur.in/PHD/1404/Q892A-PHD1404-[www.konkur.in].pdf,,ok,456113,928e51b55059b3094583f9c190e260b405ec775da05f6c7679675e332a8a6f40,
PHD,CS,1405,PHD/CS/1405/Q693A-phd1405-[www.konkur.in].pdf,https://dl.konkur.in/PHD/1405/Q693A-phd1405-[www.konkur.in].pdf,,ok,377331,a1d82a81df56f660353ff05077755d4af44095ffeeb398c4d2afbee31162fcfa,
PHD,IT,1392,PHD/IT/1392/2372-PHD92-[www.konkur.in].pdf,https://dl.konkur.in/PHD/92PHD/2372-PHD92-[www.konkur.in].rar,,ok,1432759,7ae605c0b070806ff105da72e640a65019a563e5b83565a1ee1cf4d61aafeb54,
PHD,IT,1393,PHD/IT/1393/2372-PHD93-[www.konkur.in].pdf,https://dl.konkur.in/PHD/93/2372-PHD93-%5Bwww.konkur.in%5D.rar,,ok,842714,78e930f91e63acf21d22bc3f4502d4f6a9a67649b8526fda5fb5e86cb0a8f4ef,
PHD,IT,1394,PHD/IT/1394/306-F-PHD94-[www.konkur.in].pdf,https://dl.konkur.in/PHD/94/306-F-PHD94-%5Bwww.konkur.in%5D.rar,,ok,1710765,1ed877d72d1b6951fe1503ffb1959f8a429d4e25cf5165370bb720ef716a7034,
PHD,IT,1396,PHD/IT/1396/332-F-PHD96-[www.konkur.in].pdf,https://dl.konkur.in/PHD/96/332-F-PHD96-%5bwww.konkur.in%5d.rar,,ok,1491807,030b60bfad5e9bd6bad002dd4ab2f399f59c231246c66b0fa90f9ab9f031be97,
PHD,IT,1397,PHD/IT/1397/334-E-PHD97-[www.konkur.in].pdf,https://dl.konkur.in/PHD/97/334-E-PHD97-%5bwww.konkur.in%5d.pdf,,ok,1496795,f661c2be9962e0b5e620988f13252b75f31166128cd4215e7626d57398101665,
PHD,IT,1398,PHD/IT/1398/733-PHD98-[konkur.in].pdf,https://dl.konkur.in/PHD/98/733-PHD98-%5bkonkur.in%5d.pdf,,ok,904549,8ee36a09b4d8261d1dc02898a928e17f62797813c55ffe0b5a0a6768360b2ae0,
PHD,IT,1399,PHD/IT/1399/332-PHD99-[konkur.in].pdf,https://dl.konkur.in/PHD/99/332-PHD99-%5bkonkur.in%5d.pdf,,ok,1814027,37d69bd254e3b805485d729f9b236b665e9f9355280ba3ff747051ba37fdd67b,
PHD,IT,1400,PHD/IT/1400/530-a-PHD1400-[konkur.in].pdf,https://dl.konkur.in/PHD/1400/530-a-PHD1400-%5bkonkur.in%5d.pdf,,ok,1804031,11a354c19bc55f175ac72482f20edba72f633879f1795aafd2ee1581dd6a638a,
PHD,IT,1401,PHD/IT/1401/334-f-PHD1401-[konkur.in].pdf,https://dl.konkur.in/PHD/1401/334-f-PHD1401-[konkur.in].pdf,,ok,2319362,7660c89b365ee1dc64f12a648a7490167fc59fe57a385b594809b3d051750d7a,
PHD,IT,1402,PHD/IT/1402/534-PHD1402-[konkur.in].pdf,https://dl.konkur.in/PHD/1402/534-PHD1402-[konkur.in].pdf,,ok,2118548,1c8479ec31a46ea1d43e098731b05189d5de81a557628c2fdaa7a07f6265a7d8,
PHD,IT,1403,PHD/IT/1403/707c-PHD1403-[konkur.in].pdf,https://dl.konkur.in/PHD/1403/707c-PHD1403-%5bkonkur.in%5d.pdf,,ok,329214,d3105efd146006070fc71118bca354b487bd5696752026cec8ea48760b25356c,
PHD,IT,1404,PHD/IT/1404/Q907A-PHD1404-[www.konkur.in].pdf,https://dl.konkur.in/PHD/1404/Q907A-PHD1404-[www.konkur.in].pdf,,ok,579640,40e073aebdd6b5e1e2cb4570c4578b13248ec80d4e0295164f7692c44e2ac96c,
PHD,IT,1405,PHD/IT/1405/Q708A-phd1405-[www.konkur.in].pdf,https://dl.konkur.in/PHD/1405/Q708A-phd1405-[www.konkur.in].pdf,,ok,212844,60be711e6c26b6a7ca73962551880726bf14102ee43e58878dd03c7f21022df3,
